{
  "project_info": {
    "project_number": "1096529248021",
    "firebase_url": "https://syrianpound-54b8f.firebaseio.com",
    "project_id": "syrianpound-54b8f",
    "storage_bucket": "syrianpound-54b8f.appspot.com"
  },
  "client": [
    {
      "client_info": {
        "mobilesdk_app_id": "1:1096529248021:android:26f54507c3b2dbe1",
        "android_client_info": {
          "package_name": "com.mg.syrianpound"
        }
      },
      "oauth_client": [
        {
          "client_id": "1096529248021-61b0gcus8hgi6bh3bnuedp7cj3t9qbv0.apps.googleusercontent.com",
          "client_type": 1,
          "android_info": {
            "package_name": "com.mg.syrianpound",
            "certificate_hash": "88cb08e0533d49b6a7987684788cbbf6d75e97fc"
          }
        },
        {
          "client_id": "1096529248021-4r2br291eeqlsnpgcf5bl8ir32jh55se.apps.googleusercontent.com",
          "client_type": 3
        }
      ],
      "api_key": [
        {
          "current_key": "AIzaSyAuzBgstNz_3BPjtPzFC6NUF_uQlBpZ5P4"
        }
      ],
      "services": {
        "appinvite_service": {
          "other_platform_oauth_client": [
            {
              "client_id": "1096529248021-4r2br291eeqlsnpgcf5bl8ir32jh55se.apps.googleusercontent.com",
              "client_type": 3
            }
          ]
        }
      }
    }
  ],
  "configuration_version": "1"
}